[
  {
  "flipbook_texture": "textures/blocks/torch_on",
  "atlas_tile": "torch_on",
  "frames": [ 0, 1, 2, 3, 2, 1 ],
  "ticks_per_frame": 3
 },
 {
  "flipbook_texture": "textures/blocks/redstone_torch_on",
  "atlas_tile": "redstone_torch_on",
  "frames": [ 0, 1, 2, 3, 2, 1 ],
  "ticks_per_frame": 3
 },
 {
  "flipbook_texture": "textures/blocks/fire_0",
  "atlas_tile": "fire_0",
  "frames": [ 16, 17, 18, 19, 20, 21, 22, 23, 24, 25, 26, 27, 28, 29, 30, 31, 0, 1, 2, 3, 4, 5, 6, 7, 8, 9, 10, 11, 12, 13, 14, 15 ],
  "ticks_per_frame": 1
},
{
  "flipbook_texture": "textures/blocks/fire_1",
  "atlas_tile": "fire_1",
  "frames": [ 16, 17, 18, 19, 20, 21, 22, 23, 24, 25, 26, 27, 28, 29, 30, 31, 0, 1, 2, 3, 4, 5, 6, 7, 8, 9, 10, 11, 12, 13, 14, 15 ],
  "ticks_per_frame": 1
},
{
    "flipbook_texture": "textures/blocks/stonecutter_top",
    "atlas_tile": "stonecutter_top",
    "frames": [ 0, 1, 2, 3, 4, 5, 6, 7 ]
  },
  {
    "flipbook_texture": "textures/blocks/furnace_front_on",
    "atlas_tile": "furnace_front_on",
    "frames": [ 16, 17, 18, 19, 20, 21, 22, 23, 24, 25, 26, 27, 28, 29, 30, 31, 0, 1, 2, 3, 4, 5, 6, 7, 8, 9, 10, 11, 12, 13, 14, 15 ],
    "ticks_per_frame": 1
  },
  {
  "flipbook_texture": "textures/blocks/blast_furnace_front_on",
  "atlas_tile": "blast_furnace_front_on",
  "frames": [ 16, 17, 18, 19, 20, 21, 22, 23, 24, 25, 26, 27, 28, 29, 30, 31, 0, 1, 2, 3, 4, 5, 6, 7, 8, 9, 10, 11, 12, 13, 14, 15 ],
  "ticks_per_frame": 1
},
{
  "flipbook_texture": "textures/blocks/smoker_front_on",
  "atlas_tile": "smoker_front_on",
  "frames": [ 16, 17, 18, 19, 20, 21, 22, 23, 24, 25, 26, 27, 28, 29, 30, 31, 0, 1, 2, 3, 4, 5, 6, 7, 8, 9, 10, 11, 12, 13, 14, 15 ],
  "ticks_per_frame": 1
},
{
  "flipbook_texture": "textures/blocks/lantern",
  "atlas_tile": "lantern",
  "ticks_per_frame": 5
},
{ 
  "flipbook_texture": "textures/blocks/seagrass",
  "atlas_tile": "seagrass_short",
  "frames": [ 0, 1, 2, 3, 4, 5, 6, 7, 8, 9, 10, 11, 12, 13, 14, 15, 16 ],
  "ticks_per_frame": 2
},
{
  "flipbook_texture": "textures/blocks/seagrass_doubletall_bottom_a",
  "atlas_tile": "seagrass_tall_bot_a", 
  "frames": [ 0, 1, 2, 3, 4, 5, 6, 7, 8, 9, 10, 11, 12, 13, 14, 15, 16 ],
  "ticks_per_frame": 2
},
{
  "flipbook_texture": "textures/blocks/seagrass_doubletall_bottom_b",
  "atlas_tile": "seagrass_tall_bot_b", 
  "frames": [ 0, 1, 2, 3, 4, 5, 6, 7, 8, 9, 10, 11, 12, 13, 14, 15, 16 ],
  "ticks_per_frame": 2
},
{
  "flipbook_texture": "textures/blocks/seagrass_doubletall_top_a",
  "atlas_tile": "seagrass_tall_top_a", 
  "frames": [ 0, 1, 2, 3, 4, 5, 6, 7, 8, 9, 10, 11, 12, 13, 14, 15, 16 ],
  "ticks_per_frame": 2
},
{
  "flipbook_texture": "textures/blocks/seagrass_doubletall_top_b",
  "atlas_tile": "seagrass_tall_top_b", 
  "frames": [ 0, 1, 2, 3, 4, 5, 6, 7, 8, 9, 10, 11, 12, 13, 14, 15, 16 ],
  "ticks_per_frame": 2
}
]